{"cameraMode":{"drawMode":0,"name":"Shaded","section":"Shading Mode"},"sceneLighting":false,"audioPlay":false,"sceneViewState":{"showFog":true,"showMaterialUpdate":false,"showSkybox":false,"showFlares":true,"showImageEffects":true,"showParticleSystems":true},"in2DMode":false,"pivot":{"x":269.3500061035156,"y":1.869999885559082,"z":7.809999465942383},"rotation":{"x":-0.16893735527992249,"y":-0.3582882881164551,"z":0.06608840078115463,"w":-0.9158471822738648},"size":2.8578832149505617,"orthographic":false}