{"cameraMode":{"drawMode":0,"name":"Shaded","section":"Shading Mode"},"sceneLighting":false,"audioPlay":false,"sceneViewState":{"showFog":true,"showMaterialUpdate":false,"showSkybox":false,"showFlares":true,"showImageEffects":true,"showParticleSystems":true},"in2DMode":false,"pivot":{"x":0.8114553689956665,"y":-0.3643163740634918,"z":1.0358893871307374},"rotation":{"x":-0.12013532221317291,"y":-0.112933449447155,"z":0.013750722631812096,"w":-0.9862741827964783},"size":5.048429012298584,"orthographic":false}