{"cameraMode":{"drawMode":0,"name":"Shaded","section":"Shading Mode"},"sceneLighting":false,"audioPlay":false,"sceneViewState":{"showFog":true,"showMaterialUpdate":false,"showSkybox":false,"showFlares":true,"showImageEffects":true,"showParticleSystems":true},"in2DMode":false,"pivot":{"x":266.8800048828125,"y":-1.6671056747436524,"z":3.853926658630371},"rotation":{"x":-0.16077759861946107,"y":-0.1847713738679886,"z":0.030650898814201356,"w":-0.9690804481506348},"size":2.8578834533691408,"orthographic":false}