{"cameraMode":{"drawMode":0,"name":"Shaded","section":"Shading Mode"},"sceneLighting":true,"audioPlay":false,"sceneViewState":{"showFog":true,"showMaterialUpdate":false,"showSkybox":false,"showFlares":true,"showImageEffects":true,"showParticleSystems":true},"in2DMode":false,"pivot":{"x":121.13717651367188,"y":1.5490524768829346,"z":-26.499582290649415},"rotation":{"x":-0.08201143145561218,"y":0.6750611066818237,"z":-0.07582948356866837,"w":-0.7295263409614563},"size":10.751532554626465,"orthographic":false}