{"cameraMode":{"drawMode":0,"name":"Shaded","section":"Shading Mode"},"sceneLighting":true,"audioPlay":false,"sceneViewState":{"showFog":true,"showMaterialUpdate":false,"showSkybox":true,"showFlares":true,"showImageEffects":true,"showParticleSystems":true},"in2DMode":false,"pivot":{"x":739.947998046875,"y":1.6199642419815064,"z":286.56072998046877},"rotation":{"x":-0.015751101076602937,"y":-0.9827412366867065,"z":0.160273477435112,"w":-0.09388773143291474},"size":4.310515403747559,"orthographic":false}